chapter	number	japanese	english	path
CH01	CH01	ソフトウェア要求	Software Requirements	tex/swebok_structure/CH01.ソフトウェア要求(Software_Requirements)
CH01	1.0	導入	Introduction	tex/swebok_structure/CH01.ソフトウェア要求(Software_Requirements)/1.0.導入(Introduction)
CH01	1.1	ソフトウェア要求の基礎	Software Requirements Fundamentals	tex/swebok_structure/CH01.ソフトウェア要求(Software_Requirements)/1.1.ソフトウェア要求の基礎(Software_Requirements_Fundamentals)
CH01	1.1.1	ソフトウェア要求の定義	Definition of a Software Requirement	tex/swebok_structure/CH01.ソフトウェア要求(Software_Requirements)/1.1.ソフトウェア要求の基礎(Software_Requirements_Fundamentals)/1.1.1.ソフトウェア要求の定義(Definition_of_a_Software_Requirement)
CH01	1.1.2	ソフトウェア要求の分類	Categories of Software Requirements	tex/swebok_structure/CH01.ソフトウェア要求(Software_Requirements)/1.1.ソフトウェア要求の基礎(Software_Requirements_Fundamentals)/1.1.2.ソフトウェア要求の分類(Categories_of_Software_Requirements)
CH01	1.1.3	ソフトウェア製品要求とソフトウェアプロジェクト要求	Software Product Requirements and Software Project Requirements	tex/swebok_structure/CH01.ソフトウェア要求(Software_Requirements)/1.1.ソフトウェア要求の基礎(Software_Requirements_Fundamentals)/1.1.3.ソフトウェア製品要求とソフトウェアプロジェクト要求(Software_Product_Requirements_and_Software_Project_Requirements)
CH01	1.1.4	機能要求	Functional Requirements	tex/swebok_structure/CH01.ソフトウェア要求(Software_Requirements)/1.1.ソフトウェア要求の基礎(Software_Requirements_Fundamentals)/1.1.4.機能要求(Functional_Requirements)
CH01	1.1.5	非機能要求	Nonfunctional Requirements	tex/swebok_structure/CH01.ソフトウェア要求(Software_Requirements)/1.1.ソフトウェア要求の基礎(Software_Requirements_Fundamentals)/1.1.5.非機能要求(Nonfunctional_Requirements)
CH01	1.1.6	技術制約	Technology Constraints	tex/swebok_structure/CH01.ソフトウェア要求(Software_Requirements)/1.1.ソフトウェア要求の基礎(Software_Requirements_Fundamentals)/1.1.6.技術制約(Technology_Constraints)
CH01	1.1.7	サービス品質制約	Quality of Service Constraints	tex/swebok_structure/CH01.ソフトウェア要求(Software_Requirements)/1.1.ソフトウェア要求の基礎(Software_Requirements_Fundamentals)/1.1.7.サービス品質制約(Quality_of_Service_Constraints)
CH01	1.1.8	なぜこのように要求を分類するのか	Why Categorize Requirements This Way	tex/swebok_structure/CH01.ソフトウェア要求(Software_Requirements)/1.1.ソフトウェア要求の基礎(Software_Requirements_Fundamentals)/1.1.8.なぜこのように要求を分類するのか(Why_Categorize_Requirements_This_Way)
CH01	1.1.9	システム要求とソフトウェア要求	System Requirements and Software Requirements	tex/swebok_structure/CH01.ソフトウェア要求(Software_Requirements)/1.1.ソフトウェア要求の基礎(Software_Requirements_Fundamentals)/1.1.9.システム要求とソフトウェア要求(System_Requirements_and_Software_Requirements)
CH01	1.1.10	派生要求	Derived Requirements	tex/swebok_structure/CH01.ソフトウェア要求(Software_Requirements)/1.1.ソフトウェア要求の基礎(Software_Requirements_Fundamentals)/1.1.10.派生要求(Derived_Requirements)
CH01	1.1.11	ソフトウェア要求活動	Software Requirements Activities	tex/swebok_structure/CH01.ソフトウェア要求(Software_Requirements)/1.1.ソフトウェア要求の基礎(Software_Requirements_Fundamentals)/1.1.11.ソフトウェア要求活動(Software_Requirements_Activities)
CH01	1.2	要求獲得	Requirements Elicitation	tex/swebok_structure/CH01.ソフトウェア要求(Software_Requirements)/1.2.要求獲得(Requirements_Elicitation)
CH01	1.2.1	要求の源泉	Requirements Sources	tex/swebok_structure/CH01.ソフトウェア要求(Software_Requirements)/1.2.要求獲得(Requirements_Elicitation)/1.2.1.要求の源泉(Requirements_Sources)
CH01	1.2.2	一般的な要求獲得技法	Common Requirements Elicitation Techniques	tex/swebok_structure/CH01.ソフトウェア要求(Software_Requirements)/1.2.要求獲得(Requirements_Elicitation)/1.2.2.一般的な要求獲得技法(Common_Requirements_Elicitation_Techniques)
CH01	1.3	要求分析	Requirements Analysis	tex/swebok_structure/CH01.ソフトウェア要求(Software_Requirements)/1.3.要求分析(Requirements_Analysis)
CH01	1.3.1	基本的な要求分析	Basic Requirements Analysis	tex/swebok_structure/CH01.ソフトウェア要求(Software_Requirements)/1.3.要求分析(Requirements_Analysis)/1.3.1.基本的な要求分析(Basic_Requirements_Analysis)
CH01	1.3.2	サービス品質制約の経済性	Economics of Quality of Service Constraints	tex/swebok_structure/CH01.ソフトウェア要求(Software_Requirements)/1.3.要求分析(Requirements_Analysis)/1.3.2.サービス品質制約の経済性(Economics_of_Quality_of_Service_Constraints)
CH01	1.3.3	形式的分析	Formal Analysis	tex/swebok_structure/CH01.ソフトウェア要求(Software_Requirements)/1.3.要求分析(Requirements_Analysis)/1.3.3.形式的分析(Formal_Analysis)
CH01	1.3.4	要求における衝突への対応	Addressing Conflict in Requirements	tex/swebok_structure/CH01.ソフトウェア要求(Software_Requirements)/1.3.要求分析(Requirements_Analysis)/1.3.4.要求における衝突への対応(Addressing_Conflict_in_Requirements)
CH01	1.4	要求仕様化	Requirements Specification	tex/swebok_structure/CH01.ソフトウェア要求(Software_Requirements)/1.4.要求仕様化(Requirements_Specification)
CH01	1.4.1	非構造化自然言語による要求仕様化	Unstructured Natural Language Requirements Specification	tex/swebok_structure/CH01.ソフトウェア要求(Software_Requirements)/1.4.要求仕様化(Requirements_Specification)/1.4.1.非構造化自然言語による要求仕様化(Unstructured_Natural_Language_Requirements_Specification)
CH01	1.4.2	構造化自然言語による要求仕様化	Structured Natural Language Requirements Specification	tex/swebok_structure/CH01.ソフトウェア要求(Software_Requirements)/1.4.要求仕様化(Requirements_Specification)/1.4.2.構造化自然言語による要求仕様化(Structured_Natural_Language_Requirements_Specification)
CH01	1.4.3	受け入れ基準に基づく要求仕様化	Acceptance Criteria-Based Requirements Specification	tex/swebok_structure/CH01.ソフトウェア要求(Software_Requirements)/1.4.要求仕様化(Requirements_Specification)/1.4.3.受け入れ基準に基づく要求仕様化(Acceptance_Criteria-Based_Requirements_Specification)
CH01	1.4.4	モデルに基づく要求仕様化	Model-Based Requirements Specification	tex/swebok_structure/CH01.ソフトウェア要求(Software_Requirements)/1.4.要求仕様化(Requirements_Specification)/1.4.4.モデルに基づく要求仕様化(Model-Based_Requirements_Specification)
CH01	1.4.5	要求の追加属性	Additional Attributes of Requirement	tex/swebok_structure/CH01.ソフトウェア要求(Software_Requirements)/1.4.要求仕様化(Requirements_Specification)/1.4.5.要求の追加属性(Additional_Attributes_of_Requirement)
CH01	1.4.6	増分的要求仕様化と包括的要求仕様化	Incremental and Comprehensive Requirements Specification	tex/swebok_structure/CH01.ソフトウェア要求(Software_Requirements)/1.4.要求仕様化(Requirements_Specification)/1.4.6.増分的要求仕様化と包括的要求仕様化(Incremental_and_Comprehensive_Requirements_Specification)
CH01	1.5	要求妥当性確認	Requirements Validation	tex/swebok_structure/CH01.ソフトウェア要求(Software_Requirements)/1.5.要求妥当性確認(Requirements_Validation)
CH01	1.5.1	要求レビュー	Requirements Reviews	tex/swebok_structure/CH01.ソフトウェア要求(Software_Requirements)/1.5.要求妥当性確認(Requirements_Validation)/1.5.1.要求レビュー(Requirements_Reviews)
CH01	1.5.2	シミュレーションと実行	Simulation and Execution	tex/swebok_structure/CH01.ソフトウェア要求(Software_Requirements)/1.5.要求妥当性確認(Requirements_Validation)/1.5.2.シミュレーションと実行(Simulation_and_Execution)
CH01	1.5.3	プロトタイピング	Prototyping	tex/swebok_structure/CH01.ソフトウェア要求(Software_Requirements)/1.5.要求妥当性確認(Requirements_Validation)/1.5.3.プロトタイピング(Prototyping)
CH01	1.6	要求管理活動	Requirements Management Activities	tex/swebok_structure/CH01.ソフトウェア要求(Software_Requirements)/1.6.要求管理活動(Requirements_Management_Activities)
CH01	1.6.1	要求整理・削減	Requirements Scrubbing	tex/swebok_structure/CH01.ソフトウェア要求(Software_Requirements)/1.6.要求管理活動(Requirements_Management_Activities)/1.6.1.要求整理・削減(Requirements_Scrubbing)
CH01	1.6.2	要求変更管理	Requirements Change Control	tex/swebok_structure/CH01.ソフトウェア要求(Software_Requirements)/1.6.要求管理活動(Requirements_Management_Activities)/1.6.2.要求変更管理(Requirements_Change_Control)
CH01	1.6.3	範囲調整	Scope Matching	tex/swebok_structure/CH01.ソフトウェア要求(Software_Requirements)/1.6.要求管理活動(Requirements_Management_Activities)/1.6.3.範囲調整(Scope_Matching)
CH01	1.7	実務上の考慮	Practical Considerations	tex/swebok_structure/CH01.ソフトウェア要求(Software_Requirements)/1.7.実務上の考慮(Practical_Considerations)
CH01	1.7.1	要求プロセスの反復性	Iterative Nature of the Requirements Process	tex/swebok_structure/CH01.ソフトウェア要求(Software_Requirements)/1.7.実務上の考慮(Practical_Considerations)/1.7.1.要求プロセスの反復性(Iterative_Nature_of_the_Requirements_Process)
CH01	1.7.2	要求の優先順位付け	Requirements Prioritization	tex/swebok_structure/CH01.ソフトウェア要求(Software_Requirements)/1.7.実務上の考慮(Practical_Considerations)/1.7.2.要求の優先順位付け(Requirements_Prioritization)
CH01	1.7.3	要求の追跡可能性	Requirements Tracing	tex/swebok_structure/CH01.ソフトウェア要求(Software_Requirements)/1.7.実務上の考慮(Practical_Considerations)/1.7.3.要求の追跡可能性(Requirements_Tracing)
CH01	1.7.4	要求の安定性と変動性	Requirements Stability and Volatility	tex/swebok_structure/CH01.ソフトウェア要求(Software_Requirements)/1.7.実務上の考慮(Practical_Considerations)/1.7.4.要求の安定性と変動性(Requirements_Stability_and_Volatility)
CH01	1.7.5	要求の測定	Measuring Requirements	tex/swebok_structure/CH01.ソフトウェア要求(Software_Requirements)/1.7.実務上の考慮(Practical_Considerations)/1.7.5.要求の測定(Measuring_Requirements)
CH01	1.7.6	要求プロセスの品質と改善	Requirements Process Quality and Improvement	tex/swebok_structure/CH01.ソフトウェア要求(Software_Requirements)/1.7.実務上の考慮(Practical_Considerations)/1.7.6.要求プロセスの品質と改善(Requirements_Process_Quality_and_Improvement)
CH01	1.8	ソフトウェア要求ツール	Software Requirements Tools	tex/swebok_structure/CH01.ソフトウェア要求(Software_Requirements)/1.8.ソフトウェア要求ツール(Software_Requirements_Tools)
CH01	1.8.1	要求管理ツール	Requirements Management Tools	tex/swebok_structure/CH01.ソフトウェア要求(Software_Requirements)/1.8.ソフトウェア要求ツール(Software_Requirements_Tools)/1.8.1.要求管理ツール(Requirements_Management_Tools)
CH01	1.8.2	要求モデリングツール	Requirements Modeling Tools	tex/swebok_structure/CH01.ソフトウェア要求(Software_Requirements)/1.8.ソフトウェア要求ツール(Software_Requirements_Tools)/1.8.2.要求モデリングツール(Requirements_Modeling_Tools)
CH01	1.8.3	機能テストケース生成ツール	Functional Test Case Generation Tools	tex/swebok_structure/CH01.ソフトウェア要求(Software_Requirements)/1.8.ソフトウェア要求ツール(Software_Requirements_Tools)/1.8.3.機能テストケース生成ツール(Functional_Test_Case_Generation_Tools)
CH01	1.9	トピックと参考文献の対応	Matrix of Topics vs Reference Material	tex/swebok_structure/CH01.ソフトウェア要求(Software_Requirements)/1.9.トピックと参考文献の対応(Matrix_of_Topics_vs_Reference_Material)
CH01	1.10	発展的な読み物	Further Readings	tex/swebok_structure/CH01.ソフトウェア要求(Software_Requirements)/1.10.発展的な読み物(Further_Readings)
CH01	1.11	参考文献	References	tex/swebok_structure/CH01.ソフトウェア要求(Software_Requirements)/1.11.参考文献(References)
CH02	CH02	ソフトウェアアーキテクチャ	Software Architecture	tex/swebok_structure/CH02.ソフトウェアアーキテクチャ(Software_Architecture)
CH02	2.0	導入	Introduction	tex/swebok_structure/CH02.ソフトウェアアーキテクチャ(Software_Architecture)/2.0.導入(Introduction)
CH02	2.1	ソフトウェアアーキテクチャの基礎	Software Architecture Fundamentals	tex/swebok_structure/CH02.ソフトウェアアーキテクチャ(Software_Architecture)/2.1.ソフトウェアアーキテクチャの基礎(Software_Architecture_Fundamentals)
CH02	2.1.1	「アーキテクチャ」という語の意味	The Senses of Architecture	tex/swebok_structure/CH02.ソフトウェアアーキテクチャ(Software_Architecture)/2.1.ソフトウェアアーキテクチャの基礎(Software_Architecture_Fundamentals)/2.1.1.「アーキテクチャ」という語の意味(The_Senses_of_Architecture)
CH02	2.1.2	利害関係者と関心事	Stakeholders and Concerns	tex/swebok_structure/CH02.ソフトウェアアーキテクチャ(Software_Architecture)/2.1.ソフトウェアアーキテクチャの基礎(Software_Architecture_Fundamentals)/2.1.2.利害関係者と関心事(Stakeholders_and_Concerns)
CH02	2.1.3	アーキテクチャの用途	Uses of Architecture	tex/swebok_structure/CH02.ソフトウェアアーキテクチャ(Software_Architecture)/2.1.ソフトウェアアーキテクチャの基礎(Software_Architecture_Fundamentals)/2.1.3.アーキテクチャの用途(Uses_of_Architecture)
CH02	2.2	ソフトウェアアーキテクチャ記述	Software Architecture Description	tex/swebok_structure/CH02.ソフトウェアアーキテクチャ(Software_Architecture)/2.2.ソフトウェアアーキテクチャ記述(Software_Architecture_Description)
CH02	2.2.1	アーキテクチャビューとビューポイント	Architecture Views and Viewpoints	tex/swebok_structure/CH02.ソフトウェアアーキテクチャ(Software_Architecture)/2.2.ソフトウェアアーキテクチャ記述(Software_Architecture_Description)/2.2.1.アーキテクチャビューとビューポイント(Architecture_Views_and_Viewpoints)
CH02	2.2.2	アーキテクチャパターン・様式・参照アーキテクチャ	Architecture Patterns Styles and Reference Architectures	tex/swebok_structure/CH02.ソフトウェアアーキテクチャ(Software_Architecture)/2.2.ソフトウェアアーキテクチャ記述(Software_Architecture_Description)/2.2.2.アーキテクチャパターン・様式・参照アーキテクチャ(Architecture_Patterns_Styles_and_Reference_Architectures)
CH02	2.2.3	アーキテクチャ記述言語とアーキテクチャ枠組み	Architecture Description Languages and Architecture Frameworks	tex/swebok_structure/CH02.ソフトウェアアーキテクチャ(Software_Architecture)/2.2.ソフトウェアアーキテクチャ記述(Software_Architecture_Description)/2.2.3.アーキテクチャ記述言語とアーキテクチャ枠組み(Architecture_Description_Languages_and_Architecture_Frameworks)
CH02	2.2.4	重要な意思決定としてのアーキテクチャ	Architecture as Significant Decisions	tex/swebok_structure/CH02.ソフトウェアアーキテクチャ(Software_Architecture)/2.2.ソフトウェアアーキテクチャ記述(Software_Architecture_Description)/2.2.4.重要な意思決定としてのアーキテクチャ(Architecture_as_Significant_Decisions)
CH02	2.3	ソフトウェアアーキテクチャ過程	Software Architecture Process	tex/swebok_structure/CH02.ソフトウェアアーキテクチャ(Software_Architecture)/2.3.ソフトウェアアーキテクチャ過程(Software_Architecture_Process)
CH02	2.3.1	文脈の中のアーキテクチャ	Architecture in Context	tex/swebok_structure/CH02.ソフトウェアアーキテクチャ(Software_Architecture)/2.3.ソフトウェアアーキテクチャ過程(Software_Architecture_Process)/2.3.1.文脈の中のアーキテクチャ(Architecture_in_Context)
CH02	2.3.1.1	アーキテクチャと設計の関係	Relation of Architecture to Design	tex/swebok_structure/CH02.ソフトウェアアーキテクチャ(Software_Architecture)/2.3.ソフトウェアアーキテクチャ過程(Software_Architecture_Process)/2.3.1.文脈の中のアーキテクチャ(Architecture_in_Context)/2.3.1.1.アーキテクチャと設計の関係(Relation_of_Architecture_to_Design)
CH02	2.3.2	アーキテクチャ設計	Architectural Design	tex/swebok_structure/CH02.ソフトウェアアーキテクチャ(Software_Architecture)/2.3.ソフトウェアアーキテクチャ過程(Software_Architecture_Process)/2.3.2.アーキテクチャ設計(Architectural_Design)
CH02	2.3.2.1	アーキテクチャ分析	Architecture Analysis	tex/swebok_structure/CH02.ソフトウェアアーキテクチャ(Software_Architecture)/2.3.ソフトウェアアーキテクチャ過程(Software_Architecture_Process)/2.3.2.アーキテクチャ設計(Architectural_Design)/2.3.2.1.アーキテクチャ分析(Architecture_Analysis)
CH02	2.3.2.2	アーキテクチャ統合	Architecture Synthesis	tex/swebok_structure/CH02.ソフトウェアアーキテクチャ(Software_Architecture)/2.3.ソフトウェアアーキテクチャ過程(Software_Architecture_Process)/2.3.2.アーキテクチャ設計(Architectural_Design)/2.3.2.2.アーキテクチャ統合(Architecture_Synthesis)
CH02	2.3.2.3	アーキテクチャ評価	Architecture Evaluation	tex/swebok_structure/CH02.ソフトウェアアーキテクチャ(Software_Architecture)/2.3.ソフトウェアアーキテクチャ過程(Software_Architecture_Process)/2.3.2.アーキテクチャ設計(Architectural_Design)/2.3.2.3.アーキテクチャ評価(Architecture_Evaluation)
CH02	2.3.3	アーキテクチャの実践・方法・戦術	Architecture Practices Methods and Tactics	tex/swebok_structure/CH02.ソフトウェアアーキテクチャ(Software_Architecture)/2.3.ソフトウェアアーキテクチャ過程(Software_Architecture_Process)/2.3.3.アーキテクチャの実践・方法・戦術(Architecture_Practices_Methods_and_Tactics)
CH02	2.3.4	大規模なアーキテクチャ活動	Architecting in the Large	tex/swebok_structure/CH02.ソフトウェアアーキテクチャ(Software_Architecture)/2.3.ソフトウェアアーキテクチャ過程(Software_Architecture_Process)/2.3.4.大規模なアーキテクチャ活動(Architecting_in_the_Large)
CH02	2.4	ソフトウェアアーキテクチャ評価	Software Architecture Evaluation	tex/swebok_structure/CH02.ソフトウェアアーキテクチャ(Software_Architecture)/2.4.ソフトウェアアーキテクチャ評価(Software_Architecture_Evaluation)
CH02	2.4.1	アーキテクチャにおける「よさ」	Goodness in Architecture	tex/swebok_structure/CH02.ソフトウェアアーキテクチャ(Software_Architecture)/2.4.ソフトウェアアーキテクチャ評価(Software_Architecture_Evaluation)/2.4.1.アーキテクチャにおける「よさ」(Goodness_in_Architecture)
CH02	2.4.2	アーキテクチャについての推論	Reasoning about Architectures	tex/swebok_structure/CH02.ソフトウェアアーキテクチャ(Software_Architecture)/2.4.ソフトウェアアーキテクチャ評価(Software_Architecture_Evaluation)/2.4.2.アーキテクチャについての推論(Reasoning_about_Architectures)
CH02	2.4.3	アーキテクチャレビュー	Architecture Reviews	tex/swebok_structure/CH02.ソフトウェアアーキテクチャ(Software_Architecture)/2.4.ソフトウェアアーキテクチャ評価(Software_Architecture_Evaluation)/2.4.3.アーキテクチャレビュー(Architecture_Reviews)
CH02	2.4.4	アーキテクチャ測度	Architecture Metrics	tex/swebok_structure/CH02.ソフトウェアアーキテクチャ(Software_Architecture)/2.4.ソフトウェアアーキテクチャ評価(Software_Architecture_Evaluation)/2.4.4.アーキテクチャ測度(Architecture_Metrics)
CH02	2.5	トピックと参考文献の対応	Matrix of Topics vs Reference Material	tex/swebok_structure/CH02.ソフトウェアアーキテクチャ(Software_Architecture)/2.5.トピックと参考文献の対応(Matrix_of_Topics_vs_Reference_Material)
CH02	2.6	発展的な読み物	Further Readings	tex/swebok_structure/CH02.ソフトウェアアーキテクチャ(Software_Architecture)/2.6.発展的な読み物(Further_Readings)
CH02	2.7	参考文献	References	tex/swebok_structure/CH02.ソフトウェアアーキテクチャ(Software_Architecture)/2.7.参考文献(References)
CH03	CH03	ソフトウェア設計	Software Design	tex/swebok_structure/CH03.ソフトウェア設計(Software_Design)
CH03	3.0	導入	Introduction	tex/swebok_structure/CH03.ソフトウェア設計(Software_Design)/3.0.導入(Introduction)
CH03	3.1	ソフトウェア設計の基礎	Software Design Fundamentals	tex/swebok_structure/CH03.ソフトウェア設計(Software_Design)/3.1.ソフトウェア設計の基礎(Software_Design_Fundamentals)
CH03	3.1.1	設計思考	Design Thinking	tex/swebok_structure/CH03.ソフトウェア設計(Software_Design)/3.1.ソフトウェア設計の基礎(Software_Design_Fundamentals)/3.1.1.設計思考(Design_Thinking)
CH03	3.1.2	ソフトウェア設計の文脈	Context of Software Design	tex/swebok_structure/CH03.ソフトウェア設計(Software_Design)/3.1.ソフトウェア設計の基礎(Software_Design_Fundamentals)/3.1.2.ソフトウェア設計の文脈(Context_of_Software_Design)
CH03	3.1.3	ソフトウェア設計の主要論点	Key Issues in Software Design	tex/swebok_structure/CH03.ソフトウェア設計(Software_Design)/3.1.ソフトウェア設計の基礎(Software_Design_Fundamentals)/3.1.3.ソフトウェア設計の主要論点(Key_Issues_in_Software_Design)
CH03	3.1.4	ソフトウェア設計原則	Software Design Principles	tex/swebok_structure/CH03.ソフトウェア設計(Software_Design)/3.1.ソフトウェア設計の基礎(Software_Design_Fundamentals)/3.1.4.ソフトウェア設計原則(Software_Design_Principles)
CH03	3.2	ソフトウェア設計プロセス	Software Design Processes	tex/swebok_structure/CH03.ソフトウェア設計(Software_Design)/3.2.ソフトウェア設計プロセス(Software_Design_Processes)
CH03	3.2.1	高水準設計	High-Level Design	tex/swebok_structure/CH03.ソフトウェア設計(Software_Design)/3.2.ソフトウェア設計プロセス(Software_Design_Processes)/3.2.1.高水準設計(High-Level_Design)
CH03	3.2.2	詳細設計	Detailed Design	tex/swebok_structure/CH03.ソフトウェア設計(Software_Design)/3.2.ソフトウェア設計プロセス(Software_Design_Processes)/3.2.2.詳細設計(Detailed_Design)
CH03	3.3	ソフトウェア設計品質	Software Design Qualities	tex/swebok_structure/CH03.ソフトウェア設計(Software_Design)/3.3.ソフトウェア設計品質(Software_Design_Qualities)
CH03	3.3.1	並行性	Concurrency	tex/swebok_structure/CH03.ソフトウェア設計(Software_Design)/3.3.ソフトウェア設計品質(Software_Design_Qualities)/3.3.1.並行性(Concurrency)
CH03	3.3.2	制御とイベント処理	Control and Event Handling	tex/swebok_structure/CH03.ソフトウェア設計(Software_Design)/3.3.ソフトウェア設計品質(Software_Design_Qualities)/3.3.2.制御とイベント処理(Control_and_Event_Handling)
CH03	3.3.3	データ永続化	Data Persistence	tex/swebok_structure/CH03.ソフトウェア設計(Software_Design)/3.3.ソフトウェア設計品質(Software_Design_Qualities)/3.3.3.データ永続化(Data_Persistence)
CH03	3.3.4	構成要素の分散	Distribution of Components	tex/swebok_structure/CH03.ソフトウェア設計(Software_Design)/3.3.ソフトウェア設計品質(Software_Design_Qualities)/3.3.4.構成要素の分散(Distribution_of_Components)
CH03	3.3.5	誤り・例外処理と耐故障性	Errors and Exception Handling Fault Tolerance	tex/swebok_structure/CH03.ソフトウェア設計(Software_Design)/3.3.ソフトウェア設計品質(Software_Design_Qualities)/3.3.5.誤り・例外処理と耐故障性(Errors_and_Exception_Handling_Fault_Tolerance)
CH03	3.3.6	統合と相互運用性	Integration and Interoperability	tex/swebok_structure/CH03.ソフトウェア設計(Software_Design)/3.3.ソフトウェア設計品質(Software_Design_Qualities)/3.3.6.統合と相互運用性(Integration_and_Interoperability)
CH03	3.3.7	保証・セキュリティ・安全性	Assurance Security and Safety	tex/swebok_structure/CH03.ソフトウェア設計(Software_Design)/3.3.ソフトウェア設計品質(Software_Design_Qualities)/3.3.7.保証・セキュリティ・安全性(Assurance_Security_and_Safety)
CH03	3.3.8	変動性	Variability	tex/swebok_structure/CH03.ソフトウェア設計(Software_Design)/3.3.ソフトウェア設計品質(Software_Design_Qualities)/3.3.8.変動性(Variability)
CH03	3.4	ソフトウェア設計の記録	Recording Software Designs	tex/swebok_structure/CH03.ソフトウェア設計(Software_Design)/3.4.ソフトウェア設計の記録(Recording_Software_Designs)
CH03	3.4.1	モデルに基づく設計	Model-Based Design	tex/swebok_structure/CH03.ソフトウェア設計(Software_Design)/3.4.ソフトウェア設計の記録(Recording_Software_Designs)/3.4.1.モデルに基づく設計(Model-Based_Design)
CH03	3.4.2	構造設計記述	Structural Design Descriptions	tex/swebok_structure/CH03.ソフトウェア設計(Software_Design)/3.4.ソフトウェア設計の記録(Recording_Software_Designs)/3.4.2.構造設計記述(Structural_Design_Descriptions)
CH03	3.4.3	振る舞い設計記述	Behavioral Design Descriptions	tex/swebok_structure/CH03.ソフトウェア設計(Software_Design)/3.4.ソフトウェア設計の記録(Recording_Software_Designs)/3.4.3.振る舞い設計記述(Behavioral_Design_Descriptions)
CH03	3.4.4	設計パターンとスタイル	Design Patterns and Styles	tex/swebok_structure/CH03.ソフトウェア設計(Software_Design)/3.4.ソフトウェア設計の記録(Recording_Software_Designs)/3.4.4.設計パターンとスタイル(Design_Patterns_and_Styles)
CH03	3.4.5	専用言語と領域固有言語	Specialized and Domain-Specific Languages	tex/swebok_structure/CH03.ソフトウェア設計(Software_Design)/3.4.ソフトウェア設計の記録(Recording_Software_Designs)/3.4.5.専用言語と領域固有言語(Specialized_and_Domain-Specific_Languages)
CH03	3.4.6	設計根拠	Design Rationale	tex/swebok_structure/CH03.ソフトウェア設計(Software_Design)/3.4.ソフトウェア設計の記録(Recording_Software_Designs)/3.4.6.設計根拠(Design_Rationale)
CH03	3.5	ソフトウェア設計戦略と方法	Software Design Strategies and Methods	tex/swebok_structure/CH03.ソフトウェア設計(Software_Design)/3.5.ソフトウェア設計戦略と方法(Software_Design_Strategies_and_Methods)
CH03	3.5.1	一般戦略	General Strategies	tex/swebok_structure/CH03.ソフトウェア設計(Software_Design)/3.5.ソフトウェア設計戦略と方法(Software_Design_Strategies_and_Methods)/3.5.1.一般戦略(General_Strategies)
CH03	3.5.2	機能指向・構造化設計	Function-Oriented or Structured Design	tex/swebok_structure/CH03.ソフトウェア設計(Software_Design)/3.5.ソフトウェア設計戦略と方法(Software_Design_Strategies_and_Methods)/3.5.2.機能指向・構造化設計(Function-Oriented_or_Structured_Design)
CH03	3.5.3	データ中心設計	Data-Centered Design	tex/swebok_structure/CH03.ソフトウェア設計(Software_Design)/3.5.ソフトウェア設計戦略と方法(Software_Design_Strategies_and_Methods)/3.5.3.データ中心設計(Data-Centered_Design)
CH03	3.5.4	オブジェクト指向設計	Object-Oriented Design	tex/swebok_structure/CH03.ソフトウェア設計(Software_Design)/3.5.ソフトウェア設計戦略と方法(Software_Design_Strategies_and_Methods)/3.5.4.オブジェクト指向設計(Object-Oriented_Design)
CH03	3.5.5	利用者中心設計	User-Centered Design	tex/swebok_structure/CH03.ソフトウェア設計(Software_Design)/3.5.ソフトウェア設計戦略と方法(Software_Design_Strategies_and_Methods)/3.5.5.利用者中心設計(User-Centered_Design)
CH03	3.5.6	構成要素ベース設計	Component-Based Design CBD	tex/swebok_structure/CH03.ソフトウェア設計(Software_Design)/3.5.ソフトウェア設計戦略と方法(Software_Design_Strategies_and_Methods)/3.5.6.構成要素ベース設計(Component-Based_Design_CBD)
CH03	3.5.7	イベント駆動設計	Event-Driven Design	tex/swebok_structure/CH03.ソフトウェア設計(Software_Design)/3.5.ソフトウェア設計戦略と方法(Software_Design_Strategies_and_Methods)/3.5.7.イベント駆動設計(Event-Driven_Design)
CH03	3.5.8	アスペクト指向設計	Aspect-Oriented Design AOD	tex/swebok_structure/CH03.ソフトウェア設計(Software_Design)/3.5.ソフトウェア設計戦略と方法(Software_Design_Strategies_and_Methods)/3.5.8.アスペクト指向設計(Aspect-Oriented_Design_AOD)
CH03	3.5.9	制約に基づく設計	Constraint-Based Design	tex/swebok_structure/CH03.ソフトウェア設計(Software_Design)/3.5.ソフトウェア設計戦略と方法(Software_Design_Strategies_and_Methods)/3.5.9.制約に基づく設計(Constraint-Based_Design)
CH03	3.5.10	ドメイン駆動設計	Domain-Driven Design	tex/swebok_structure/CH03.ソフトウェア設計(Software_Design)/3.5.ソフトウェア設計戦略と方法(Software_Design_Strategies_and_Methods)/3.5.10.ドメイン駆動設計(Domain-Driven_Design)
CH03	3.5.11	その他の方法	Other Methods	tex/swebok_structure/CH03.ソフトウェア設計(Software_Design)/3.5.ソフトウェア設計戦略と方法(Software_Design_Strategies_and_Methods)/3.5.11.その他の方法(Other_Methods)
CH03	3.6	ソフトウェア設計品質分析と評価	Software Design Quality Analysis and Evaluation	tex/swebok_structure/CH03.ソフトウェア設計(Software_Design)/3.6.ソフトウェア設計品質分析と評価(Software_Design_Quality_Analysis_and_Evaluation)
CH03	3.6.1	設計レビューと監査	Design Reviews and Audits	tex/swebok_structure/CH03.ソフトウェア設計(Software_Design)/3.6.ソフトウェア設計品質分析と評価(Software_Design_Quality_Analysis_and_Evaluation)/3.6.1.設計レビューと監査(Design_Reviews_and_Audits)
CH03	3.6.2	品質属性	Quality Attributes	tex/swebok_structure/CH03.ソフトウェア設計(Software_Design)/3.6.ソフトウェア設計品質分析と評価(Software_Design_Quality_Analysis_and_Evaluation)/3.6.2.品質属性(Quality_Attributes)
CH03	3.6.3	品質分析・評価技法	Quality Analysis and Evaluation Techniques	tex/swebok_structure/CH03.ソフトウェア設計(Software_Design)/3.6.ソフトウェア設計品質分析と評価(Software_Design_Quality_Analysis_and_Evaluation)/3.6.3.品質分析・評価技法(Quality_Analysis_and_Evaluation_Techniques)
CH03	3.6.4	測度とメトリクス	Measures and Metrics	tex/swebok_structure/CH03.ソフトウェア設計(Software_Design)/3.6.ソフトウェア設計品質分析と評価(Software_Design_Quality_Analysis_and_Evaluation)/3.6.4.測度とメトリクス(Measures_and_Metrics)
CH03	3.6.5	検証・妥当性確認・認証	Verification Validation and Certification	tex/swebok_structure/CH03.ソフトウェア設計(Software_Design)/3.6.ソフトウェア設計品質分析と評価(Software_Design_Quality_Analysis_and_Evaluation)/3.6.5.検証・妥当性確認・認証(Verification_Validation_and_Certification)
CH03	3.7	トピックと参考文献の対応	Matrix of Topics vs Reference Material	tex/swebok_structure/CH03.ソフトウェア設計(Software_Design)/3.7.トピックと参考文献の対応(Matrix_of_Topics_vs_Reference_Material)
CH03	3.8	発展的な読み物	Further Readings	tex/swebok_structure/CH03.ソフトウェア設計(Software_Design)/3.8.発展的な読み物(Further_Readings)
CH03	3.9	参考文献	References	tex/swebok_structure/CH03.ソフトウェア設計(Software_Design)/3.9.参考文献(References)
CH04	CH04	ソフトウェア構築	Software Construction	tex/swebok_structure/CH04.ソフトウェア構築(Software_Construction)
CH04	4.0	導入	Introduction	tex/swebok_structure/CH04.ソフトウェア構築(Software_Construction)/4.0.導入(Introduction)
CH04	4.1	ソフトウェア構築の基礎	Software Construction Fundamentals	tex/swebok_structure/CH04.ソフトウェア構築(Software_Construction)/4.1.ソフトウェア構築の基礎(Software_Construction_Fundamentals)
CH04	4.1.1	複雑さの最小化	Minimizing Complexity	tex/swebok_structure/CH04.ソフトウェア構築(Software_Construction)/4.1.ソフトウェア構築の基礎(Software_Construction_Fundamentals)/4.1.1.複雑さの最小化(Minimizing_Complexity)
CH04	4.1.2	変化を予期し受け入れる	Anticipating and Embracing Change	tex/swebok_structure/CH04.ソフトウェア構築(Software_Construction)/4.1.ソフトウェア構築の基礎(Software_Construction_Fundamentals)/4.1.2.変化を予期し受け入れる(Anticipating_and_Embracing_Change)
CH04	4.1.3	検証しやすく構築する	Constructing for Verification	tex/swebok_structure/CH04.ソフトウェア構築(Software_Construction)/4.1.ソフトウェア構築の基礎(Software_Construction_Fundamentals)/4.1.3.検証しやすく構築する(Constructing_for_Verification)
CH04	4.1.4	資産の再利用	Reusing Assets	tex/swebok_structure/CH04.ソフトウェア構築(Software_Construction)/4.1.ソフトウェア構築の基礎(Software_Construction_Fundamentals)/4.1.4.資産の再利用(Reusing_Assets)
CH04	4.1.5	構築における標準の適用	Applying Standards in Construction	tex/swebok_structure/CH04.ソフトウェア構築(Software_Construction)/4.1.ソフトウェア構築の基礎(Software_Construction_Fundamentals)/4.1.5.構築における標準の適用(Applying_Standards_in_Construction)
CH04	4.2	構築の管理	Managing Construction	tex/swebok_structure/CH04.ソフトウェア構築(Software_Construction)/4.2.構築の管理(Managing_Construction)
CH04	4.2.1	ライフサイクルモデルにおける構築	Construction in Life Cycle Models	tex/swebok_structure/CH04.ソフトウェア構築(Software_Construction)/4.2.構築の管理(Managing_Construction)/4.2.1.ライフサイクルモデルにおける構築(Construction_in_Life_Cycle_Models)
CH04	4.2.2	構築計画	Construction Planning	tex/swebok_structure/CH04.ソフトウェア構築(Software_Construction)/4.2.構築の管理(Managing_Construction)/4.2.2.構築計画(Construction_Planning)
CH04	4.2.3	構築測定	Construction Measurement	tex/swebok_structure/CH04.ソフトウェア構築(Software_Construction)/4.2.構築の管理(Managing_Construction)/4.2.3.構築測定(Construction_Measurement)
CH04	4.2.4	依存関係の管理	Managing Dependencies	tex/swebok_structure/CH04.ソフトウェア構築(Software_Construction)/4.2.構築の管理(Managing_Construction)/4.2.4.依存関係の管理(Managing_Dependencies)
CH04	4.3	実務上の考慮	Practical Considerations	tex/swebok_structure/CH04.ソフトウェア構築(Software_Construction)/4.3.実務上の考慮(Practical_Considerations)
CH04	4.3.1	構築設計	Construction Design	tex/swebok_structure/CH04.ソフトウェア構築(Software_Construction)/4.3.実務上の考慮(Practical_Considerations)/4.3.1.構築設計(Construction_Design)
CH04	4.3.2	構築言語	Construction Languages	tex/swebok_structure/CH04.ソフトウェア構築(Software_Construction)/4.3.実務上の考慮(Practical_Considerations)/4.3.2.構築言語(Construction_Languages)
CH04	4.3.3	コーディング	Coding	tex/swebok_structure/CH04.ソフトウェア構築(Software_Construction)/4.3.実務上の考慮(Practical_Considerations)/4.3.3.コーディング(Coding)
CH04	4.3.4	構築テスト	Construction Testing	tex/swebok_structure/CH04.ソフトウェア構築(Software_Construction)/4.3.実務上の考慮(Practical_Considerations)/4.3.4.構築テスト(Construction_Testing)
CH04	4.3.5	構築における再利用	Reuse in Construction	tex/swebok_structure/CH04.ソフトウェア構築(Software_Construction)/4.3.実務上の考慮(Practical_Considerations)/4.3.5.構築における再利用(Reuse_in_Construction)
CH04	4.3.6	構築品質	Construction Quality	tex/swebok_structure/CH04.ソフトウェア構築(Software_Construction)/4.3.実務上の考慮(Practical_Considerations)/4.3.6.構築品質(Construction_Quality)
CH04	4.3.7	統合	Integration	tex/swebok_structure/CH04.ソフトウェア構築(Software_Construction)/4.3.実務上の考慮(Practical_Considerations)/4.3.7.統合(Integration)
CH04	4.3.8	クロスプラットフォーム開発と移行	Cross-Platform Development and Migration	tex/swebok_structure/CH04.ソフトウェア構築(Software_Construction)/4.3.実務上の考慮(Practical_Considerations)/4.3.8.クロスプラットフォーム開発と移行(Cross-Platform_Development_and_Migration)
CH04	4.4	構築技術	Construction Technologies	tex/swebok_structure/CH04.ソフトウェア構築(Software_Construction)/4.4.構築技術(Construction_Technologies)
CH04	4.4.1	API の設計と利用	API Design and Use	tex/swebok_structure/CH04.ソフトウェア構築(Software_Construction)/4.4.構築技術(Construction_Technologies)/4.4.1.APIの設計と利用(API_Design_and_Use)
CH04	4.4.2	オブジェクト指向の実行時問題	Object-Oriented Runtime Issues	tex/swebok_structure/CH04.ソフトウェア構築(Software_Construction)/4.4.構築技術(Construction_Technologies)/4.4.2.オブジェクト指向の実行時問題(Object-Oriented_Runtime_Issues)
CH04	4.4.3	パラメータ化・テンプレート・総称	Parameterization Templates and Generics	tex/swebok_structure/CH04.ソフトウェア構築(Software_Construction)/4.4.構築技術(Construction_Technologies)/4.4.3.パラメータ化・テンプレート・総称(Parameterization_Templates_and_Generics)
CH04	4.4.4	表明・契約による設計・防御的プログラミング	Assertions Design by Contract and Defensive Programming	tex/swebok_structure/CH04.ソフトウェア構築(Software_Construction)/4.4.構築技術(Construction_Technologies)/4.4.4.表明・契約による設計・防御的プログラミング(Assertions_Design_by_Contract_and_Defensive_Programming)
CH04	4.4.5	エラー処理・例外処理・フォールトトレランス	Error Handling Exception Handling and Fault Tolerance	tex/swebok_structure/CH04.ソフトウェア構築(Software_Construction)/4.4.構築技術(Construction_Technologies)/4.4.5.エラー処理・例外処理・フォールトトレランス(Error_Handling_Exception_Handling_and_Fault_Tolerance)
CH04	4.4.6	実行可能モデル	Executable Models	tex/swebok_structure/CH04.ソフトウェア構築(Software_Construction)/4.4.構築技術(Construction_Technologies)/4.4.6.実行可能モデル(Executable_Models)
CH04	4.4.7	状態に基づく構築技法と表駆動構築技法	State-Based and Table-Driven Construction Techniques	tex/swebok_structure/CH04.ソフトウェア構築(Software_Construction)/4.4.構築技術(Construction_Technologies)/4.4.7.状態に基づく構築技法と表駆動構築技法(State-Based_and_Table-Driven_Construction_Techniques)
CH04	4.4.8	実行時設定と国際化	Runtime Configuration and Internationalization	tex/swebok_structure/CH04.ソフトウェア構築(Software_Construction)/4.4.構築技術(Construction_Technologies)/4.4.8.実行時設定と国際化(Runtime_Configuration_and_Internationalization)
CH04	4.4.9	文法に基づく入力処理	Grammar-Based Input Processing	tex/swebok_structure/CH04.ソフトウェア構築(Software_Construction)/4.4.構築技術(Construction_Technologies)/4.4.9.文法に基づく入力処理(Grammar-Based_Input_Processing)
CH04	4.4.10	並行処理の基本部品	Concurrency Primitives	tex/swebok_structure/CH04.ソフトウェア構築(Software_Construction)/4.4.構築技術(Construction_Technologies)/4.4.10.並行処理の基本部品(Concurrency_Primitives)
CH04	4.4.11	ミドルウェア	Middleware	tex/swebok_structure/CH04.ソフトウェア構築(Software_Construction)/4.4.構築技術(Construction_Technologies)/4.4.11.ミドルウェア(Middleware)
CH04	4.4.12	分散およびクラウド基盤ソフトウェアの構築方法	Construction Methods for Distributed and Cloud-Based Software	tex/swebok_structure/CH04.ソフトウェア構築(Software_Construction)/4.4.構築技術(Construction_Technologies)/4.4.12.分散およびクラウド基盤ソフトウェアの構築方法(Construction_Methods_for_Distributed_and_Cloud-Based_Software)
CH04	4.4.13	異種システムの構築	Constructing Heterogeneous Systems	tex/swebok_structure/CH04.ソフトウェア構築(Software_Construction)/4.4.構築技術(Construction_Technologies)/4.4.13.異種システムの構築(Constructing_Heterogeneous_Systems)
CH04	4.4.14	性能分析とチューニング	Performance Analysis and Tuning	tex/swebok_structure/CH04.ソフトウェア構築(Software_Construction)/4.4.構築技術(Construction_Technologies)/4.4.14.性能分析とチューニング(Performance_Analysis_and_Tuning)
CH04	4.4.15	プラットフォーム標準	Platform Standards	tex/swebok_structure/CH04.ソフトウェア構築(Software_Construction)/4.4.構築技術(Construction_Technologies)/4.4.15.プラットフォーム標準(Platform_Standards)
CH04	4.4.16	テストファーストプログラミング	Test-First Programming	tex/swebok_structure/CH04.ソフトウェア構築(Software_Construction)/4.4.構築技術(Construction_Technologies)/4.4.16.テストファーストプログラミング(Test-First_Programming)
CH04	4.4.17	構築のためのフィードバックループ	Feedback Loop for Construction	tex/swebok_structure/CH04.ソフトウェア構築(Software_Construction)/4.4.構築技術(Construction_Technologies)/4.4.17.構築のためのフィードバックループ(Feedback_Loop_for_Construction)
CH04	4.5	ソフトウェア構築ツール	Software Construction Tools	tex/swebok_structure/CH04.ソフトウェア構築(Software_Construction)/4.5.ソフトウェア構築ツール(Software_Construction_Tools)
CH04	4.5.1	開発環境	Development Environments	tex/swebok_structure/CH04.ソフトウェア構築(Software_Construction)/4.5.ソフトウェア構築ツール(Software_Construction_Tools)/4.5.1.開発環境(Development_Environments)
CH04	4.5.2	視覚的プログラミングとローコード・ゼロコードプラットフォーム	Visual Programming and Low-Code Zero-Code Platforms	tex/swebok_structure/CH04.ソフトウェア構築(Software_Construction)/4.5.ソフトウェア構築ツール(Software_Construction_Tools)/4.5.2.視覚的プログラミングとローコード・ゼロコードプラットフォーム(Visual_Programming_and_Low-Code_Zero-Code_Platforms)
CH04	4.5.3	単体テストツール	Unit Testing Tools	tex/swebok_structure/CH04.ソフトウェア構築(Software_Construction)/4.5.ソフトウェア構築ツール(Software_Construction_Tools)/4.5.3.単体テストツール(Unit_Testing_Tools)
CH04	4.5.4	プロファイリング・性能分析・スライシングツール	Profiling Performance Analysis and Slicing Tools	tex/swebok_structure/CH04.ソフトウェア構築(Software_Construction)/4.5.ソフトウェア構築ツール(Software_Construction_Tools)/4.5.4.プロファイリング・性能分析・スライシングツール(Profiling_Performance_Analysis_and_Slicing_Tools)
CH04	4.6	トピックと参考文献の対応	Matrix of Topics vs Reference Material	tex/swebok_structure/CH04.ソフトウェア構築(Software_Construction)/4.6.トピックと参考文献の対応(Matrix_of_Topics_vs_Reference_Material)
CH04	4.7	発展的な読み物	Further Readings	tex/swebok_structure/CH04.ソフトウェア構築(Software_Construction)/4.7.発展的な読み物(Further_Readings)
CH04	4.8	参考文献	References	tex/swebok_structure/CH04.ソフトウェア構築(Software_Construction)/4.8.参考文献(References)
CH05	CH05	ソフトウェアテスト	Software Testing	tex/swebok_structure/CH05.ソフトウェアテスト(Software_Testing)
CH05	5.0	導入	Introduction	tex/swebok_structure/CH05.ソフトウェアテスト(Software_Testing)/5.0.導入(Introduction)
CH05	5.1	ソフトウェアテストの基礎	Software Testing Fundamentals	tex/swebok_structure/CH05.ソフトウェアテスト(Software_Testing)/5.1.ソフトウェアテストの基礎(Software_Testing_Fundamentals)
CH05	5.1.1	欠陥と障害	Faults vs Failures	tex/swebok_structure/CH05.ソフトウェアテスト(Software_Testing)/5.1.ソフトウェアテストの基礎(Software_Testing_Fundamentals)/5.1.1.欠陥と障害(Faults_vs_Failures)
CH05	5.1.2	主要論点	Key Issues	tex/swebok_structure/CH05.ソフトウェアテスト(Software_Testing)/5.1.ソフトウェアテストの基礎(Software_Testing_Fundamentals)/5.1.2.主要論点(Key_Issues)
CH05	5.1.3	テストと他の活動との関係	Relationship of Testing to Other Activities	tex/swebok_structure/CH05.ソフトウェアテスト(Software_Testing)/5.1.ソフトウェアテストの基礎(Software_Testing_Fundamentals)/5.1.3.テストと他の活動との関係(Relationship_of_Testing_to_Other_Activities)
CH05	5.2	テストレベル	Test Levels	tex/swebok_structure/CH05.ソフトウェアテスト(Software_Testing)/5.2.テストレベル(Test_Levels)
CH05	5.2.1	テスト対象	The Target of the Test	tex/swebok_structure/CH05.ソフトウェアテスト(Software_Testing)/5.2.テストレベル(Test_Levels)/5.2.1.テスト対象(The_Target_of_the_Test)
CH05	5.2.2	テスト目的	Objectives of Testing	tex/swebok_structure/CH05.ソフトウェアテスト(Software_Testing)/5.2.テストレベル(Test_Levels)/5.2.2.テスト目的(Objectives_of_Testing)
CH05	5.3	テスト技法	Test Techniques	tex/swebok_structure/CH05.ソフトウェアテスト(Software_Testing)/5.3.テスト技法(Test_Techniques)
CH05	5.3.1	仕様ベース技法	Specification-Based Techniques	tex/swebok_structure/CH05.ソフトウェアテスト(Software_Testing)/5.3.テスト技法(Test_Techniques)/5.3.1.仕様ベース技法(Specification-Based_Techniques)
CH05	5.3.2	構造ベーステスト技法	Structure-Based Test Techniques	tex/swebok_structure/CH05.ソフトウェアテスト(Software_Testing)/5.3.テスト技法(Test_Techniques)/5.3.2.構造ベーステスト技法(Structure-Based_Test_Techniques)
CH05	5.3.3	経験ベース技法	Experience-Based Techniques	tex/swebok_structure/CH05.ソフトウェアテスト(Software_Testing)/5.3.テスト技法(Test_Techniques)/5.3.3.経験ベース技法(Experience-Based_Techniques)
CH05	5.3.4	欠陥ベース技法とミューテーション技法	Fault-Based and Mutation Techniques	tex/swebok_structure/CH05.ソフトウェアテスト(Software_Testing)/5.3.テスト技法(Test_Techniques)/5.3.4.欠陥ベース技法とミューテーション技法(Fault-Based_and_Mutation_Techniques)
CH05	5.3.5	利用ベース技法	Usage-Based Techniques	tex/swebok_structure/CH05.ソフトウェアテスト(Software_Testing)/5.3.テスト技法(Test_Techniques)/5.3.5.利用ベース技法(Usage-Based_Techniques)
CH05	5.3.6	アプリケーションの性質に基づく技法	Techniques Based on the Nature of the Application	tex/swebok_structure/CH05.ソフトウェアテスト(Software_Testing)/5.3.テスト技法(Test_Techniques)/5.3.6.アプリケーションの性質に基づく技法(Techniques_Based_on_the_Nature_of_the_Application)
CH05	5.3.7	技法の選択と組合せ	Selecting and Combining Techniques	tex/swebok_structure/CH05.ソフトウェアテスト(Software_Testing)/5.3.テスト技法(Test_Techniques)/5.3.7.技法の選択と組合せ(Selecting_and_Combining_Techniques)
CH05	5.3.8	派生知識に基づく技法	Techniques Based on Derived Knowledge	tex/swebok_structure/CH05.ソフトウェアテスト(Software_Testing)/5.3.テスト技法(Test_Techniques)/5.3.8.派生知識に基づく技法(Techniques_Based_on_Derived_Knowledge)
CH05	5.4	テスト関連測度	Test-Related Measures	tex/swebok_structure/CH05.ソフトウェアテスト(Software_Testing)/5.4.テスト関連測度(Test-Related_Measures)
CH05	5.4.1	SUT の評価	Evaluation of the SUT	tex/swebok_structure/CH05.ソフトウェアテスト(Software_Testing)/5.4.テスト関連測度(Test-Related_Measures)/5.4.1.SUTの評価(Evaluation_of_the_SUT)
CH05	5.4.2	実施したテストの評価	Evaluation of the Tests Performed	tex/swebok_structure/CH05.ソフトウェアテスト(Software_Testing)/5.4.テスト関連測度(Test-Related_Measures)/5.4.2.実施したテストの評価(Evaluation_of_the_Tests_Performed)
CH05	5.5	テストプロセス	Test Process	tex/swebok_structure/CH05.ソフトウェアテスト(Software_Testing)/5.5.テストプロセス(Test_Process)
CH05	5.5.1	実務上の考慮	Practical Considerations	tex/swebok_structure/CH05.ソフトウェアテスト(Software_Testing)/5.5.テストプロセス(Test_Process)/5.5.1.実務上の考慮(Practical_Considerations)
CH05	5.5.2	テストサブプロセスと活動	Test Sub-Processes and Activities	tex/swebok_structure/CH05.ソフトウェアテスト(Software_Testing)/5.5.テストプロセス(Test_Process)/5.5.2.テストサブプロセスと活動(Test_Sub-Processes_and_Activities)
CH05	5.5.3	人員配置	Staffing	tex/swebok_structure/CH05.ソフトウェアテスト(Software_Testing)/5.5.テストプロセス(Test_Process)/5.5.3.人員配置(Staffing)
CH05	5.6	開発プロセスと適用領域におけるソフトウェアテスト	Software Testing in the Development Processes and the Application Domains	tex/swebok_structure/CH05.ソフトウェアテスト(Software_Testing)/5.6.開発プロセスと適用領域におけるソフトウェアテスト(Software_Testing_in_the_Development_Processes_and_the_Application_Domains)
CH05	5.6.1	ソフトウェア開発プロセス内のテスト	Testing Inside Software Development Processes	tex/swebok_structure/CH05.ソフトウェアテスト(Software_Testing)/5.6.開発プロセスと適用領域におけるソフトウェアテスト(Software_Testing_in_the_Development_Processes_and_the_Application_Domains)/5.6.1.ソフトウェア開発プロセス内のテスト(Testing_Inside_Software_Development_Processes)
CH05	5.6.2	適用領域におけるテスト	Testing in the Application Domains	tex/swebok_structure/CH05.ソフトウェアテスト(Software_Testing)/5.6.開発プロセスと適用領域におけるソフトウェアテスト(Software_Testing_in_the_Development_Processes_and_the_Application_Domains)/5.6.2.適用領域におけるテスト(Testing_in_the_Application_Domains)
CH05	5.7	新興技術のテストと新興技術によるテスト	Testing of and Testing Through Emerging Technologies	tex/swebok_structure/CH05.ソフトウェアテスト(Software_Testing)/5.7.新興技術のテストと新興技術によるテスト(Testing_of_and_Testing_Through_Emerging_Technologies)
CH05	5.7.1	新興技術をテストする	Testing of Emerging Technologies	tex/swebok_structure/CH05.ソフトウェアテスト(Software_Testing)/5.7.新興技術のテストと新興技術によるテスト(Testing_of_and_Testing_Through_Emerging_Technologies)/5.7.1.新興技術をテストする(Testing_of_Emerging_Technologies)
CH05	5.7.2	新興技術を使ってテストする	Testing Through Emerging Technologies	tex/swebok_structure/CH05.ソフトウェアテスト(Software_Testing)/5.7.新興技術のテストと新興技術によるテスト(Testing_of_and_Testing_Through_Emerging_Technologies)/5.7.2.新興技術を使ってテストする(Testing_Through_Emerging_Technologies)
CH05	5.8	ソフトウェアテストツール	Software Testing Tools	tex/swebok_structure/CH05.ソフトウェアテスト(Software_Testing)/5.8.ソフトウェアテストツール(Software_Testing_Tools)
CH05	5.8.1	テストツール支援と選択	Testing Tool Support and Selection	tex/swebok_structure/CH05.ソフトウェアテスト(Software_Testing)/5.8.ソフトウェアテストツール(Software_Testing_Tools)/5.8.1.テストツール支援と選択(Testing_Tool_Support_and_Selection)
CH05	5.8.2	ツールの分類	Categories of Tools	tex/swebok_structure/CH05.ソフトウェアテスト(Software_Testing)/5.8.ソフトウェアテストツール(Software_Testing_Tools)/5.8.2.ツールの分類(Categories_of_Tools)
CH05	5.9	トピックと参考文献の対応	Matrix of Topics vs Reference Material	tex/swebok_structure/CH05.ソフトウェアテスト(Software_Testing)/5.9.トピックと参考文献の対応(Matrix_of_Topics_vs_Reference_Material)
CH05	5.10	参考文献	References	tex/swebok_structure/CH05.ソフトウェアテスト(Software_Testing)/5.10.参考文献(References)
CH06	CH06	ソフトウェアエンジニアリング運用	Software Engineering Operations	tex/swebok_structure/CH06.ソフトウェアエンジニアリング運用(Software_Engineering_Operations)
CH06	6.0	導入	Introduction	tex/swebok_structure/CH06.ソフトウェアエンジニアリング運用(Software_Engineering_Operations)/6.0.導入(Introduction)
CH06	6.1	ソフトウェアエンジニアリング運用の基礎	Software Engineering Operations Fundamentals	tex/swebok_structure/CH06.ソフトウェアエンジニアリング運用(Software_Engineering_Operations)/6.1.ソフトウェアエンジニアリング運用の基礎(Software_Engineering_Operations_Fundamentals)
CH06	6.1.1	ソフトウェアエンジニアリング運用の定義	Definition of Software Engineering Operations	tex/swebok_structure/CH06.ソフトウェアエンジニアリング運用(Software_Engineering_Operations)/6.1.ソフトウェアエンジニアリング運用の基礎(Software_Engineering_Operations_Fundamentals)/6.1.1.ソフトウェアエンジニアリング運用の定義(Definition_of_Software_Engineering_Operations)
CH06	6.1.2	ソフトウェアエンジニアリング運用プロセス	Software Engineering Operations Processes	tex/swebok_structure/CH06.ソフトウェアエンジニアリング運用(Software_Engineering_Operations)/6.1.ソフトウェアエンジニアリング運用の基礎(Software_Engineering_Operations_Fundamentals)/6.1.2.ソフトウェアエンジニアリング運用プロセス(Software_Engineering_Operations_Processes)
CH06	6.1.3	ソフトウェア導入	Software Installation	tex/swebok_structure/CH06.ソフトウェアエンジニアリング運用(Software_Engineering_Operations)/6.1.ソフトウェアエンジニアリング運用の基礎(Software_Engineering_Operations_Fundamentals)/6.1.3.ソフトウェア導入(Software_Installation)
CH06	6.1.4	スクリプト化と自動化	Scripting and Automating	tex/swebok_structure/CH06.ソフトウェアエンジニアリング運用(Software_Engineering_Operations)/6.1.ソフトウェアエンジニアリング運用の基礎(Software_Engineering_Operations_Fundamentals)/6.1.4.スクリプト化と自動化(Scripting_and_Automating)
CH06	6.1.5	効果的なテストとトラブルシューティング	Effective Testing and Troubleshooting	tex/swebok_structure/CH06.ソフトウェアエンジニアリング運用(Software_Engineering_Operations)/6.1.ソフトウェアエンジニアリング運用の基礎(Software_Engineering_Operations_Fundamentals)/6.1.5.効果的なテストとトラブルシューティング(Effective_Testing_and_Troubleshooting)
CH06	6.1.6	性能・信頼性・負荷分散	Performance Reliability and Load Balancing	tex/swebok_structure/CH06.ソフトウェアエンジニアリング運用(Software_Engineering_Operations)/6.1.ソフトウェアエンジニアリング運用の基礎(Software_Engineering_Operations_Fundamentals)/6.1.6.性能・信頼性・負荷分散(Performance_Reliability_and_Load_Balancing)
CH06	6.2	ソフトウェアエンジニアリング運用計画	Software Engineering Operations Planning	tex/swebok_structure/CH06.ソフトウェアエンジニアリング運用(Software_Engineering_Operations)/6.2.ソフトウェアエンジニアリング運用計画(Software_Engineering_Operations_Planning)
CH06	6.2.1	運用計画と供給者管理	Operations Plan and Supplier Management	tex/swebok_structure/CH06.ソフトウェアエンジニアリング運用(Software_Engineering_Operations)/6.2.ソフトウェアエンジニアリング運用計画(Software_Engineering_Operations_Planning)/6.2.1.運用計画と供給者管理(Operations_Plan_and_Supplier_Management)
CH06	6.2.1.1	運用計画	Operations Plan	tex/swebok_structure/CH06.ソフトウェアエンジニアリング運用(Software_Engineering_Operations)/6.2.ソフトウェアエンジニアリング運用計画(Software_Engineering_Operations_Planning)/6.2.1.運用計画と供給者管理(Operations_Plan_and_Supplier_Management)/6.2.1.1.運用計画(Operations_Plan)
CH06	6.2.1.2	供給者管理	Supplier Management	tex/swebok_structure/CH06.ソフトウェアエンジニアリング運用(Software_Engineering_Operations)/6.2.ソフトウェアエンジニアリング運用計画(Software_Engineering_Operations_Planning)/6.2.1.運用計画と供給者管理(Operations_Plan_and_Supplier_Management)/6.2.1.2.供給者管理(Supplier_Management)
CH06	6.2.2	開発環境と運用環境	Development and Operational Environments	tex/swebok_structure/CH06.ソフトウェアエンジニアリング運用(Software_Engineering_Operations)/6.2.ソフトウェアエンジニアリング運用計画(Software_Engineering_Operations_Planning)/6.2.2.開発環境と運用環境(Development_and_Operational_Environments)
CH06	6.2.3	ソフトウェア可用性・継続性・サービス水準	Software Availability Continuity and Service Levels	tex/swebok_structure/CH06.ソフトウェアエンジニアリング運用(Software_Engineering_Operations)/6.2.ソフトウェアエンジニアリング運用計画(Software_Engineering_Operations_Planning)/6.2.3.ソフトウェア可用性・継続性・サービス水準(Software_Availability_Continuity_and_Service_Levels)
CH06	6.2.4	ソフトウェア容量管理	Software Capacity Management	tex/swebok_structure/CH06.ソフトウェアエンジニアリング運用(Software_Engineering_Operations)/6.2.ソフトウェアエンジニアリング運用計画(Software_Engineering_Operations_Planning)/6.2.4.ソフトウェア容量管理(Software_Capacity_Management)
CH06	6.2.5	バックアップ・災害復旧・フェイルオーバー	Software Backup Disaster Recovery and Failover	tex/swebok_structure/CH06.ソフトウェアエンジニアリング運用(Software_Engineering_Operations)/6.2.ソフトウェアエンジニアリング運用計画(Software_Engineering_Operations_Planning)/6.2.5.バックアップ・災害復旧・フェイルオーバー(Software_Backup_Disaster_Recovery_and_Failover)
CH06	6.2.6	ソフトウェアとデータの安全性・セキュリティ・完全性・保護・統制	Software and Data Safety Security Integrity Protection and Controls	tex/swebok_structure/CH06.ソフトウェアエンジニアリング運用(Software_Engineering_Operations)/6.2.ソフトウェアエンジニアリング運用計画(Software_Engineering_Operations_Planning)/6.2.6.ソフトウェアとデータの安全性・セキュリティ・完全性・保護・統制(Software_and_Data_Safety_Security_Integrity_Protection_and_Controls)
CH06	6.3	ソフトウェアエンジニアリング運用提供	Software Engineering Operations Delivery	tex/swebok_structure/CH06.ソフトウェアエンジニアリング運用(Software_Engineering_Operations)/6.3.ソフトウェアエンジニアリング運用提供(Software_Engineering_Operations_Delivery)
CH06	6.3.1	運用テスト・検証・受け入れ	Operational Testing Verification and Acceptance	tex/swebok_structure/CH06.ソフトウェアエンジニアリング運用(Software_Engineering_Operations)/6.3.ソフトウェアエンジニアリング運用提供(Software_Engineering_Operations_Delivery)/6.3.1.運用テスト・検証・受け入れ(Operational_Testing_Verification_and_Acceptance)
CH06	6.3.2	配備・リリース工学	Deployment Release Engineering	tex/swebok_structure/CH06.ソフトウェアエンジニアリング運用(Software_Engineering_Operations)/6.3.ソフトウェアエンジニアリング運用提供(Software_Engineering_Operations_Delivery)/6.3.2.配備・リリース工学(Deployment_Release_Engineering)
CH06	6.3.3	ロールバックとデータ移行	Rollback and Data Migration	tex/swebok_structure/CH06.ソフトウェアエンジニアリング運用(Software_Engineering_Operations)/6.3.ソフトウェアエンジニアリング運用提供(Software_Engineering_Operations_Delivery)/6.3.3.ロールバックとデータ移行(Rollback_and_Data_Migration)
CH06	6.3.4	問題解決	Problem Resolution	tex/swebok_structure/CH06.ソフトウェアエンジニアリング運用(Software_Engineering_Operations)/6.3.ソフトウェアエンジニアリング運用提供(Software_Engineering_Operations_Delivery)/6.3.4.問題解決(Problem_Resolution)
CH06	6.4	ソフトウェアエンジニアリング運用制御	Software Engineering Operations Control	tex/swebok_structure/CH06.ソフトウェアエンジニアリング運用(Software_Engineering_Operations)/6.4.ソフトウェアエンジニアリング運用制御(Software_Engineering_Operations_Control)
CH06	6.4.1	インシデント管理	Incident Management	tex/swebok_structure/CH06.ソフトウェアエンジニアリング運用(Software_Engineering_Operations)/6.4.ソフトウェアエンジニアリング運用制御(Software_Engineering_Operations_Control)/6.4.1.インシデント管理(Incident_Management)
CH06	6.4.2	変更管理	Change Management	tex/swebok_structure/CH06.ソフトウェアエンジニアリング運用(Software_Engineering_Operations)/6.4.ソフトウェアエンジニアリング運用制御(Software_Engineering_Operations_Control)/6.4.2.変更管理(Change_Management)
CH06	6.4.3	監視・測定・追跡・レビュー	Monitor Measure Track and Review	tex/swebok_structure/CH06.ソフトウェアエンジニアリング運用(Software_Engineering_Operations)/6.4.ソフトウェアエンジニアリング運用制御(Software_Engineering_Operations_Control)/6.4.3.監視・測定・追跡・レビュー(Monitor_Measure_Track_and_Review)
CH06	6.4.4	運用支援	Operations Support	tex/swebok_structure/CH06.ソフトウェアエンジニアリング運用(Software_Engineering_Operations)/6.4.ソフトウェアエンジニアリング運用制御(Software_Engineering_Operations_Control)/6.4.4.運用支援(Operations_Support)
CH06	6.4.5	サービス報告	Service Reporting	tex/swebok_structure/CH06.ソフトウェアエンジニアリング運用(Software_Engineering_Operations)/6.4.ソフトウェアエンジニアリング運用制御(Software_Engineering_Operations_Control)/6.4.5.サービス報告(Service_Reporting)
CH06	6.5	実務上の考慮	Practical Considerations	tex/swebok_structure/CH06.ソフトウェアエンジニアリング運用(Software_Engineering_Operations)/6.5.実務上の考慮(Practical_Considerations)
CH06	6.5.1	インシデントと問題の予防	Incident and Problem Prevention	tex/swebok_structure/CH06.ソフトウェアエンジニアリング運用(Software_Engineering_Operations)/6.5.実務上の考慮(Practical_Considerations)/6.5.1.インシデントと問題の予防(Incident_and_Problem_Prevention)
CH06	6.5.2	運用リスク管理	Operational Risk Management	tex/swebok_structure/CH06.ソフトウェアエンジニアリング運用(Software_Engineering_Operations)/6.5.実務上の考慮(Practical_Considerations)/6.5.2.運用リスク管理(Operational_Risk_Management)
CH06	6.5.3	ソフトウェアエンジニアリング運用の自動化	Automating Software Engineering Operations	tex/swebok_structure/CH06.ソフトウェアエンジニアリング運用(Software_Engineering_Operations)/6.5.実務上の考慮(Practical_Considerations)/6.5.3.ソフトウェアエンジニアリング運用の自動化(Automating_Software_Engineering_Operations)
CH06	6.5.4	小規模組織におけるソフトウェアエンジニアリング運用	Software Engineering Operations for Small Organizations	tex/swebok_structure/CH06.ソフトウェアエンジニアリング運用(Software_Engineering_Operations)/6.5.実務上の考慮(Practical_Considerations)/6.5.4.小規模組織におけるソフトウェアエンジニアリング運用(Software_Engineering_Operations_for_Small_Organizations)
CH06	6.6	ソフトウェアエンジニアリング運用ツール	Software Engineering Operations Tools	tex/swebok_structure/CH06.ソフトウェアエンジニアリング運用(Software_Engineering_Operations)/6.6.ソフトウェアエンジニアリング運用ツール(Software_Engineering_Operations_Tools)
CH06	6.6.1	コンテナと仮想化	Containers and Virtualization	tex/swebok_structure/CH06.ソフトウェアエンジニアリング運用(Software_Engineering_Operations)/6.6.ソフトウェアエンジニアリング運用ツール(Software_Engineering_Operations_Tools)/6.6.1.コンテナと仮想化(Containers_and_Virtualization)
CH06	6.6.2	配備	Deployment	tex/swebok_structure/CH06.ソフトウェアエンジニアリング運用(Software_Engineering_Operations)/6.6.ソフトウェアエンジニアリング運用ツール(Software_Engineering_Operations_Tools)/6.6.2.配備(Deployment)
CH06	6.6.3	自動テスト	Automated Test	tex/swebok_structure/CH06.ソフトウェアエンジニアリング運用(Software_Engineering_Operations)/6.6.ソフトウェアエンジニアリング運用ツール(Software_Engineering_Operations_Tools)/6.6.3.自動テスト(Automated_Test)
CH06	6.6.4	監視とテレメトリ	Monitoring and Telemetry	tex/swebok_structure/CH06.ソフトウェアエンジニアリング運用(Software_Engineering_Operations)/6.6.ソフトウェアエンジニアリング運用ツール(Software_Engineering_Operations_Tools)/6.6.4.監視とテレメトリ(Monitoring_and_Telemetry)
CH06	6.7	トピックと参考文献の対応	Matrix of Topics vs Reference Material	tex/swebok_structure/CH06.ソフトウェアエンジニアリング運用(Software_Engineering_Operations)/6.7.トピックと参考文献の対応(Matrix_of_Topics_vs_Reference_Material)
CH06	6.8	参考文献	References	tex/swebok_structure/CH06.ソフトウェアエンジニアリング運用(Software_Engineering_Operations)/6.8.参考文献(References)
